,elo
SEA,1694.2317738497686
BUF,1674.9996990992076
DEN,1619.2534826414985
MIN,1618.439139626873
SF,1614.9029040431474
PHI,1607.795685320229
JAX,1594.5914386549914
LA,1589.9155318742924
KC,1575.4674608105947
NE,1572.2447546048506
DET,1569.5144483732258
BAL,1567.1941519414163
HOU,1546.6054336224063
CHI,1528.5946206385256
PIT,1522.8405017757748
CIN,1516.9340145934048
STL,1498.5524427665255
SD,1494.0934236580995
GB,1485.9848984055066
OAK,1484.4761319338795
LAC,1451.151273917168
DAL,1444.1088007560222
ATL,1441.0501516659942
IND,1438.583030960654
WAS,1434.946889749928
TB,1433.4245555615134
CLE,1420.0891577758234
NYG,1417.447333778032
LV,1416.5230392515416
NO,1416.4349319229038
CAR,1410.1533091244291
ARI,1391.002351308793
MIA,1386.667700172167
NYJ,1346.9027884614388
TEN,1274.882747359373
