first_seen_utc,season,week,game,name,market,side,line,pick
2026-09-04T23:50:16+00:00,2026,1,NE@SEA,Jared Dubin (CBS Sports),spread,SEA,-3.5,SEA -3.5
2026-09-04T23:50:16+00:00,2026,1,NE@SEA,Ryan Wilson (CBS Sports),spread,SEA,-3.5,SEA -3.5
2026-09-04T23:50:16+00:00,2026,1,NE@SEA,Micah Roberts (CBS Sports/SportsLine),spread,SEA,-4.5,SEA -4.5
2026-09-04T23:50:16+00:00,2026,1,NE@SEA,Matt Severance (CBS Sports/SportsLine),total,under,45.5,Under 45.5
2026-09-04T23:50:16+00:00,2026,1,NE@SEA,Jason Logan (Covers),spread,SEA,-3.5,SEA -3.5
2026-09-04T23:50:16+00:00,2026,1,NE@SEA,Julian Edlow (DraftKings Network),spread,SEA,-3.5,SEA -3.5
2026-09-04T23:50:16+00:00,2026,1,SF@LA,Jared Dubin (CBS Sports),spread,LA,-3.5,LA -3.5
2026-09-04T23:50:16+00:00,2026,1,SF@LA,Ryan Wilson (CBS Sports),spread,LA,-3.5,LA -3.5
2026-09-04T23:50:16+00:00,2026,1,SF@LA,Tyler Sullivan (CBS Sports),spread,SF,3.5,SF +3.5
2026-09-04T23:50:16+00:00,2026,1,SF@LA,Jason Logan (Covers),total,under,48.5,Under 48.5
2026-09-04T23:50:16+00:00,2026,1,CHI@CAR,Jared Dubin (CBS Sports),spread,CHI,-2.5,CHI -2.5
2026-09-04T23:50:16+00:00,2026,1,CHI@CAR,Ryan Wilson (CBS Sports),spread,CHI,-2.5,CHI -2.5
2026-09-04T23:50:16+00:00,2026,1,CHI@CAR,Tyler Sullivan (CBS Sports),spread,CHI,-2.5,CHI -2.5
2026-09-04T23:50:16+00:00,2026,1,CHI@CAR,Jason Logan (Covers),spread,CHI,-2.5,CHI -2.5
2026-09-04T23:50:16+00:00,2026,1,TB@CIN,Jared Dubin (CBS Sports),spread,TB,3.5,TB +3.5
2026-09-04T23:50:16+00:00,2026,1,TB@CIN,Ryan Wilson (CBS Sports),spread,TB,3.5,TB +3.5
2026-09-04T23:50:16+00:00,2026,1,TB@CIN,Tyler Sullivan (CBS Sports),spread,CIN,-3.5,CIN -3.5
2026-09-04T23:50:16+00:00,2026,1,NO@DET,Jared Dubin (CBS Sports),spread,DET,-7.0,DET -7
2026-09-04T23:50:16+00:00,2026,1,NO@DET,Ryan Wilson (CBS Sports),spread,NO,7.0,NO +7
2026-09-04T23:50:16+00:00,2026,1,NO@DET,Tyler Sullivan (CBS Sports),spread,DET,-7.0,DET -7
2026-09-04T23:50:16+00:00,2026,1,NO@DET,Julian Edlow (DraftKings Network),total,over,48.5,Over 48.5
2026-09-04T23:50:16+00:00,2026,1,BUF@HOU,Jared Dubin (CBS Sports),spread,HOU,1.5,HOU +1.5
2026-09-04T23:50:16+00:00,2026,1,BUF@HOU,Ryan Wilson (CBS Sports),spread,BUF,-1.5,BUF -1.5
2026-09-04T23:50:16+00:00,2026,1,BUF@HOU,Tyler Sullivan (CBS Sports),spread,HOU,1.5,HOU +1.5
2026-09-04T23:50:16+00:00,2026,1,BUF@HOU,Eric Cohen (SportsLine),spread,HOU,1.5,"HOU +1.5, Texans 23 Bills 20"
2026-09-04T23:50:16+00:00,2026,1,BUF@HOU,Jason Logan (Covers),total,over,45.5,Over 45.5
2026-09-04T23:50:16+00:00,2026,1,BAL@IND,Jared Dubin (CBS Sports),spread,BAL,-3.5,BAL -3.5
2026-09-04T23:50:16+00:00,2026,1,BAL@IND,Ryan Wilson (CBS Sports),spread,BAL,-3.5,BAL -3.5
2026-09-04T23:50:16+00:00,2026,1,BAL@IND,Tyler Sullivan (CBS Sports),spread,IND,3.5,IND +3.5
2026-09-04T23:50:16+00:00,2026,1,CLE@JAX,Jared Dubin (CBS Sports),spread,JAX,-7.5,JAX -7.5
2026-09-04T23:50:16+00:00,2026,1,CLE@JAX,Ryan Wilson (CBS Sports),spread,CLE,7.5,CLE +7.5
2026-09-04T23:50:16+00:00,2026,1,CLE@JAX,Tyler Sullivan (CBS Sports),spread,JAX,-7.5,JAX -7.5
2026-09-04T23:50:16+00:00,2026,1,ATL@PIT,Jared Dubin (CBS Sports),spread,PIT,-3.0,PIT -3
2026-09-04T23:50:16+00:00,2026,1,ATL@PIT,Ryan Wilson (CBS Sports),spread,PIT,-3.0,PIT -3
2026-09-04T23:50:16+00:00,2026,1,ATL@PIT,Tyler Sullivan (CBS Sports),spread,PIT,-3.0,PIT -3
2026-09-04T23:50:16+00:00,2026,1,NYJ@TEN,Jared Dubin (CBS Sports),spread,TEN,-1.5,TEN -1.5
2026-09-04T23:50:16+00:00,2026,1,NYJ@TEN,Ryan Wilson (CBS Sports),spread,TEN,-1.5,TEN -1.5
2026-09-04T23:50:16+00:00,2026,1,NYJ@TEN,Tyler Sullivan (CBS Sports),spread,NYJ,1.5,NYJ +1.5
2026-09-04T23:50:16+00:00,2026,1,ARI@LAC,Jared Dubin (CBS Sports),spread,LAC,-10.5,LAC -10.5
2026-09-04T23:50:16+00:00,2026,1,ARI@LAC,Ryan Wilson (CBS Sports),spread,ARI,10.5,ARI +10.5
2026-09-04T23:50:16+00:00,2026,1,ARI@LAC,Tyler Sullivan (CBS Sports),spread,ARI,10.5,ARI +10.5
2026-09-04T23:50:16+00:00,2026,1,MIA@LV,Jared Dubin (CBS Sports),spread,LV,-3.5,LV -3.5
2026-09-04T23:50:16+00:00,2026,1,MIA@LV,Ryan Wilson (CBS Sports),spread,LV,-3.5,LV -3.5
2026-09-04T23:50:16+00:00,2026,1,MIA@LV,Tyler Sullivan (CBS Sports),spread,MIA,3.5,MIA +3.5
2026-09-04T23:50:16+00:00,2026,1,GB@MIN,Jared Dubin (CBS Sports),spread,GB,1.5,GB +1.5
2026-09-04T23:50:16+00:00,2026,1,GB@MIN,Ryan Wilson (CBS Sports),spread,MIN,-1.5,MIN -1.5
2026-09-04T23:50:16+00:00,2026,1,GB@MIN,Tyler Sullivan (CBS Sports),spread,MIN,-1.5,MIN -1.5
2026-09-04T23:50:16+00:00,2026,1,GB@MIN,Jason Logan (Covers),total,under,44.5,Under 44.5
2026-09-04T23:50:16+00:00,2026,1,WAS@PHI,Jared Dubin (CBS Sports),spread,PHI,-4.5,PHI -4.5
2026-09-04T23:50:16+00:00,2026,1,WAS@PHI,Ryan Wilson (CBS Sports),spread,PHI,-4.5,PHI -4.5
2026-09-04T23:50:16+00:00,2026,1,WAS@PHI,Tyler Sullivan (CBS Sports),spread,PHI,-4.5,PHI -4.5
2026-09-04T23:50:16+00:00,2026,1,DAL@NYG,Jared Dubin (CBS Sports),spread,DAL,-2.5,DAL -2.5
2026-09-04T23:50:16+00:00,2026,1,DAL@NYG,Ryan Wilson (CBS Sports),spread,NYG,2.5,NYG +2.5
2026-09-04T23:50:16+00:00,2026,1,DAL@NYG,Tyler Sullivan (CBS Sports),spread,NYG,2.5,NYG +2.5
2026-09-04T23:50:16+00:00,2026,1,DAL@NYG,Jason Logan (Covers),total,over,48.5,Over 48.5
2026-09-04T23:50:16+00:00,2026,1,DEN@KC,Jared Dubin (CBS Sports),spread,DEN,2.5,DEN +2.5
2026-09-04T23:50:16+00:00,2026,1,DEN@KC,Ryan Wilson (CBS Sports),spread,DEN,2.5,DEN +2.5
2026-09-04T23:50:16+00:00,2026,1,DEN@KC,Tyler Sullivan (CBS Sports),spread,DEN,2.5,DEN +2.5
2026-09-04T23:50:16+00:00,2026,1,DEN@KC,Jason Logan (Covers),total,under,42.5,Under 42.5
2026-09-16T03:18:22+00:00,2026,2,WAS@DAL,Eric Cohen (SportsLine),moneyline,DAL,,"Cowboys 34, Commanders 26"
2026-09-18T19:48:58+00:00,2026,2,CAR@ATL,Pete Prisco (CBS Sports),spread,ATL,2.5,ATL +2.5
2026-09-18T19:48:58+00:00,2026,2,CAR@ATL,Jared Dubin (CBS Sports),spread,CAR,-2.5,CAR -2.5
2026-09-18T19:48:58+00:00,2026,2,CAR@ATL,Ryan Wilson (CBS Sports),spread,CAR,-2.5,CAR -2.5
2026-09-18T19:48:58+00:00,2026,2,CAR@ATL,John Breech (CBS Sports),spread,CAR,-2.5,CAR -2.5
2026-09-18T19:48:58+00:00,2026,2,CAR@ATL,Tyler Sullivan (CBS Sports),spread,CAR,-2.5,CAR -2.5
2026-09-18T19:48:58+00:00,2026,2,CAR@ATL,Dave Richard (CBS Sports),spread,CAR,-2.5,CAR -2.5
2026-09-18T19:48:58+00:00,2026,2,CAR@ATL,Jamey Eisenberg (CBS Sports),spread,CAR,-2.5,CAR -2.5
2026-09-18T19:48:58+00:00,2026,2,NO@BAL,Pete Prisco (CBS Sports),spread,BAL,-8.5,BAL -8.5
2026-09-18T19:48:58+00:00,2026,2,NO@BAL,Jared Dubin (CBS Sports),spread,NO,8.5,NO +8.5
2026-09-18T19:48:58+00:00,2026,2,NO@BAL,Ryan Wilson (CBS Sports),spread,NO,8.5,NO +8.5
2026-09-18T19:48:58+00:00,2026,2,NO@BAL,John Breech (CBS Sports),spread,NO,8.5,NO +8.5
2026-09-18T19:48:58+00:00,2026,2,NO@BAL,Tyler Sullivan (CBS Sports),spread,BAL,-8.5,BAL -8.5
2026-09-18T19:48:58+00:00,2026,2,NO@BAL,Dave Richard (CBS Sports),spread,NO,8.5,NO +8.5
2026-09-18T19:48:58+00:00,2026,2,NO@BAL,Jamey Eisenberg (CBS Sports),spread,NO,8.5,NO +8.5
2026-09-18T19:48:58+00:00,2026,2,NO@BAL,Jordan Dajani (CBS Sports),spread,NO,8.5,NO +8.5
2026-09-18T19:48:58+00:00,2026,2,MIN@CHI,Pete Prisco (CBS Sports),spread,CHI,-5.5,CHI -5.5
2026-09-18T19:48:58+00:00,2026,2,MIN@CHI,Jared Dubin (CBS Sports),spread,MIN,5.5,MIN +5.5
2026-09-18T19:48:58+00:00,2026,2,MIN@CHI,Ryan Wilson (CBS Sports),spread,MIN,5.5,MIN +5.5
2026-09-18T19:48:58+00:00,2026,2,MIN@CHI,John Breech (CBS Sports),spread,MIN,5.5,MIN +5.5
2026-09-18T19:48:58+00:00,2026,2,MIN@CHI,Tyler Sullivan (CBS Sports),spread,CHI,-5.5,CHI -5.5
2026-09-18T19:48:58+00:00,2026,2,MIN@CHI,Dave Richard (CBS Sports),spread,MIN,5.5,MIN +5.5
2026-09-18T19:48:58+00:00,2026,2,MIN@CHI,Jamey Eisenberg (CBS Sports),spread,MIN,5.5,MIN +5.5
2026-09-18T19:48:58+00:00,2026,2,CIN@HOU,Pete Prisco (CBS Sports),spread,HOU,-2.5,HOU -2.5
2026-09-18T19:48:58+00:00,2026,2,CIN@HOU,Jared Dubin (CBS Sports),spread,HOU,-2.5,HOU -2.5
2026-09-18T19:48:58+00:00,2026,2,CIN@HOU,Ryan Wilson (CBS Sports),spread,CIN,2.5,CIN +2.5
2026-09-18T19:48:58+00:00,2026,2,CIN@HOU,John Breech (CBS Sports),spread,CIN,2.5,CIN +2.5
2026-09-18T19:48:58+00:00,2026,2,CIN@HOU,Tyler Sullivan (CBS Sports),spread,CIN,2.5,CIN +2.5
2026-09-18T19:48:58+00:00,2026,2,CIN@HOU,Dave Richard (CBS Sports),spread,CIN,2.5,CIN +2.5
2026-09-18T19:48:58+00:00,2026,2,CIN@HOU,Jamey Eisenberg (CBS Sports),spread,CIN,2.5,CIN +2.5
2026-09-18T19:48:58+00:00,2026,2,PIT@NE,Pete Prisco (CBS Sports),spread,NE,-5.5,NE -5.5
2026-09-18T19:48:58+00:00,2026,2,PIT@NE,Jared Dubin (CBS Sports),spread,NE,-5.5,NE -5.5
2026-09-18T19:48:58+00:00,2026,2,PIT@NE,Ryan Wilson (CBS Sports),spread,PIT,5.5,PIT +5.5
2026-09-18T19:48:58+00:00,2026,2,PIT@NE,John Breech (CBS Sports),spread,NE,-5.5,NE -5.5
2026-09-18T19:48:58+00:00,2026,2,PIT@NE,Tyler Sullivan (CBS Sports),spread,NE,-5.5,NE -5.5
2026-09-18T19:48:58+00:00,2026,2,PIT@NE,Dave Richard (CBS Sports),spread,PIT,5.5,PIT +5.5
2026-09-18T19:48:58+00:00,2026,2,PIT@NE,Jamey Eisenberg (CBS Sports),spread,PIT,5.5,PIT +5.5
2026-09-18T19:48:58+00:00,2026,2,GB@NYJ,Pete Prisco (CBS Sports),spread,GB,-3.5,GB -3.5
2026-09-18T19:48:58+00:00,2026,2,GB@NYJ,Jared Dubin (CBS Sports),spread,GB,-3.5,GB -3.5
2026-09-18T19:48:58+00:00,2026,2,GB@NYJ,Ryan Wilson (CBS Sports),spread,GB,-3.5,GB -3.5
2026-09-18T19:48:58+00:00,2026,2,GB@NYJ,John Breech (CBS Sports),spread,NYJ,3.5,NYJ +3.5
2026-09-18T19:48:58+00:00,2026,2,GB@NYJ,Tyler Sullivan (CBS Sports),spread,NYJ,3.5,NYJ +3.5
2026-09-18T19:48:58+00:00,2026,2,GB@NYJ,Dave Richard (CBS Sports),spread,NYJ,3.5,NYJ +3.5
2026-09-18T19:48:58+00:00,2026,2,GB@NYJ,Jamey Eisenberg (CBS Sports),spread,NYJ,3.5,NYJ +3.5
2026-09-18T19:48:58+00:00,2026,2,CLE@TB,Pete Prisco (CBS Sports),spread,TB,-8.5,TB -8.5
2026-09-18T19:48:58+00:00,2026,2,CLE@TB,Jared Dubin (CBS Sports),spread,TB,-8.5,TB -8.5
2026-09-18T19:48:58+00:00,2026,2,CLE@TB,Ryan Wilson (CBS Sports),spread,TB,-8.5,TB -8.5
2026-09-18T19:48:58+00:00,2026,2,CLE@TB,John Breech (CBS Sports),spread,TB,-8.5,TB -8.5
2026-09-18T19:48:58+00:00,2026,2,CLE@TB,Tyler Sullivan (CBS Sports),spread,TB,-8.5,TB -8.5
2026-09-18T19:48:58+00:00,2026,2,CLE@TB,Dave Richard (CBS Sports),spread,TB,-8.5,TB -8.5
2026-09-18T19:48:58+00:00,2026,2,CLE@TB,Jamey Eisenberg (CBS Sports),spread,TB,-8.5,TB -8.5
2026-09-18T19:48:58+00:00,2026,2,PHI@TEN,Pete Prisco (CBS Sports),spread,PHI,-7.0,PHI -7
2026-09-18T19:48:58+00:00,2026,2,PHI@TEN,Jared Dubin (CBS Sports),spread,PHI,-7.0,PHI -7
2026-09-18T19:48:58+00:00,2026,2,PHI@TEN,Ryan Wilson (CBS Sports),spread,PHI,-7.0,PHI -7
2026-09-18T19:48:58+00:00,2026,2,PHI@TEN,John Breech (CBS Sports),spread,PHI,-7.0,PHI -7
2026-09-18T19:48:58+00:00,2026,2,PHI@TEN,Tyler Sullivan (CBS Sports),spread,PHI,-7.0,PHI -7
2026-09-18T19:48:58+00:00,2026,2,PHI@TEN,Dave Richard (CBS Sports),spread,PHI,-7.0,PHI -7
2026-09-18T19:48:58+00:00,2026,2,PHI@TEN,Jamey Eisenberg (CBS Sports),spread,PHI,-7.0,PHI -7
2026-09-18T19:48:58+00:00,2026,2,JAX@DEN,Pete Prisco (CBS Sports),spread,JAX,2.5,JAX +2.5
2026-09-18T19:48:58+00:00,2026,2,JAX@DEN,Jared Dubin (CBS Sports),spread,DEN,-2.5,DEN -2.5
2026-09-18T19:48:58+00:00,2026,2,JAX@DEN,Ryan Wilson (CBS Sports),spread,JAX,2.5,JAX +2.5
2026-09-18T19:48:58+00:00,2026,2,JAX@DEN,John Breech (CBS Sports),spread,DEN,-2.5,DEN -2.5
2026-09-18T19:48:58+00:00,2026,2,JAX@DEN,Tyler Sullivan (CBS Sports),spread,JAX,2.5,JAX +2.5
2026-09-18T19:48:58+00:00,2026,2,JAX@DEN,Dave Richard (CBS Sports),spread,JAX,2.5,JAX +2.5
2026-09-18T19:48:58+00:00,2026,2,JAX@DEN,Jamey Eisenberg (CBS Sports),spread,JAX,2.5,JAX +2.5
2026-09-18T19:48:58+00:00,2026,2,LV@LAC,Pete Prisco (CBS Sports),spread,LAC,-7.0,LAC -7
2026-09-18T19:48:58+00:00,2026,2,LV@LAC,Jared Dubin (CBS Sports),spread,LAC,-7.0,LAC -7
2026-09-18T19:48:58+00:00,2026,2,LV@LAC,Ryan Wilson (CBS Sports),spread,LV,7.0,LV +7
2026-09-18T19:48:58+00:00,2026,2,LV@LAC,John Breech (CBS Sports),spread,LAC,-7.0,LAC -7
2026-09-18T19:48:58+00:00,2026,2,LV@LAC,Tyler Sullivan (CBS Sports),spread,LAC,-7.0,LAC -7
2026-09-18T19:48:58+00:00,2026,2,LV@LAC,Dave Richard (CBS Sports),spread,LV,7.0,LV +7
2026-09-18T19:48:58+00:00,2026,2,LV@LAC,Jamey Eisenberg (CBS Sports),spread,LV,7.0,LV +7
2026-09-18T19:48:58+00:00,2026,2,SEA@ARI,Pete Prisco (CBS Sports),spread,SEA,-4.5,SEA -4.5
2026-09-18T19:48:58+00:00,2026,2,SEA@ARI,Jared Dubin (CBS Sports),spread,SEA,-4.5,SEA -4.5
2026-09-18T19:48:58+00:00,2026,2,SEA@ARI,Ryan Wilson (CBS Sports),spread,SEA,-4.5,SEA -4.5
2026-09-18T19:48:58+00:00,2026,2,SEA@ARI,John Breech (CBS Sports),spread,ARI,4.5,ARI +4.5
2026-09-18T19:48:58+00:00,2026,2,SEA@ARI,Tyler Sullivan (CBS Sports),spread,SEA,-4.5,SEA -4.5
2026-09-18T19:48:58+00:00,2026,2,SEA@ARI,Dave Richard (CBS Sports),spread,SEA,-4.5,SEA -4.5
2026-09-18T19:48:58+00:00,2026,2,SEA@ARI,Jamey Eisenberg (CBS Sports),spread,ARI,4.5,ARI +4.5
2026-09-18T19:48:58+00:00,2026,2,WAS@DAL,Pete Prisco (CBS Sports),spread,DAL,-3.5,DAL -3.5
2026-09-18T19:48:58+00:00,2026,2,WAS@DAL,Jared Dubin (CBS Sports),spread,DAL,-3.5,DAL -3.5
2026-09-18T19:48:58+00:00,2026,2,WAS@DAL,Ryan Wilson (CBS Sports),spread,WAS,3.5,WAS +3.5
2026-09-18T19:48:58+00:00,2026,2,WAS@DAL,John Breech (CBS Sports),spread,DAL,-3.5,DAL -3.5
2026-09-18T19:48:58+00:00,2026,2,WAS@DAL,Tyler Sullivan (CBS Sports),spread,WAS,3.5,WAS +3.5
2026-09-18T19:48:58+00:00,2026,2,WAS@DAL,Dave Richard (CBS Sports),spread,WAS,3.5,WAS +3.5
2026-09-18T19:48:58+00:00,2026,2,WAS@DAL,Jamey Eisenberg (CBS Sports),spread,DAL,-3.5,DAL -3.5
2026-09-18T19:48:58+00:00,2026,2,MIA@SF,Pete Prisco (CBS Sports),spread,SF,-13.5,SF -13.5
2026-09-18T19:48:58+00:00,2026,2,MIA@SF,Jared Dubin (CBS Sports),spread,MIA,13.5,MIA +13.5
2026-09-18T19:48:58+00:00,2026,2,MIA@SF,Ryan Wilson (CBS Sports),spread,MIA,13.5,MIA +13.5
2026-09-18T19:48:58+00:00,2026,2,MIA@SF,John Breech (CBS Sports),spread,SF,-13.5,SF -13.5
2026-09-18T19:48:58+00:00,2026,2,MIA@SF,Tyler Sullivan (CBS Sports),spread,SF,-13.5,SF -13.5
2026-09-18T19:48:58+00:00,2026,2,MIA@SF,Dave Richard (CBS Sports),spread,MIA,13.5,MIA +13.5
2026-09-18T19:48:58+00:00,2026,2,MIA@SF,Jamey Eisenberg (CBS Sports),spread,SF,-13.5,SF -13.5
2026-09-18T19:48:58+00:00,2026,2,IND@KC,Pete Prisco (CBS Sports),spread,KC,-6.5,KC -6.5
2026-09-18T19:48:58+00:00,2026,2,IND@KC,Jared Dubin (CBS Sports),spread,IND,6.5,IND +6.5
2026-09-18T19:48:58+00:00,2026,2,IND@KC,Ryan Wilson (CBS Sports),spread,IND,6.5,IND +6.5
2026-09-18T19:48:58+00:00,2026,2,IND@KC,John Breech (CBS Sports),spread,KC,-6.5,KC -6.5
2026-09-18T19:48:58+00:00,2026,2,IND@KC,Tyler Sullivan (CBS Sports),spread,KC,-6.5,KC -6.5
2026-09-18T19:48:58+00:00,2026,2,IND@KC,Dave Richard (CBS Sports),spread,IND,6.5,IND +6.5
2026-09-18T19:48:58+00:00,2026,2,IND@KC,Jamey Eisenberg (CBS Sports),spread,IND,6.5,IND +6.5
2026-09-18T19:48:58+00:00,2026,2,NYG@LA,Pete Prisco (CBS Sports),spread,LA,-7.0,LA -7
2026-09-18T19:48:58+00:00,2026,2,NYG@LA,Jared Dubin (CBS Sports),spread,LA,-7.0,LA -7
2026-09-18T19:48:58+00:00,2026,2,NYG@LA,Ryan Wilson (CBS Sports),spread,NYG,7.0,NYG +7
2026-09-18T19:48:58+00:00,2026,2,NYG@LA,John Breech (CBS Sports),spread,NYG,7.0,NYG +7
2026-09-18T19:48:58+00:00,2026,2,NYG@LA,Tyler Sullivan (CBS Sports),spread,LA,-7.0,LA -7
2026-09-18T19:48:58+00:00,2026,2,NYG@LA,Dave Richard (CBS Sports),spread,NYG,7.0,NYG +7
2026-09-18T19:48:58+00:00,2026,2,NYG@LA,Jamey Eisenberg (CBS Sports),spread,NYG,7.0,NYG +7
2026-09-22T23:41:35+00:00,2026,3,ATL@GB,Peter Dewey (Sports Illustrated),spread,GB,-7.0,GB -7
2026-09-22T23:41:35+00:00,2026,3,ATL@GB,Iain MacMillan (Sports Illustrated),spread,ATL,6.5,ATL +6.5
2026-09-22T23:41:35+00:00,2026,3,ATL@GB,Jason Logan (Covers),spread,ATL,7.5,ATL +7.5
2026-09-22T23:41:35+00:00,2026,3,ATL@GB,Jason Logan (Covers),total,under,44.5,Under 44.5
2026-09-22T23:41:35+00:00,2026,3,ATL@GB,Zachary Cohen (VSiN),spread,ATL,6.5,ATL +6.5
2026-09-22T23:41:35+00:00,2026,3,LAC@BUF,Iain MacMillan (Sports Illustrated),total,over,49.5,Over 49.5
2026-09-22T23:41:35+00:00,2026,3,CAR@CLE,Ryan Gilbert (Sports Illustrated),total,over,42.5,Over 42.5
2026-09-22T23:41:35+00:00,2026,3,CAR@CLE,Iain MacMillan (Sports Illustrated),total,over,42.0,Over 42
2026-09-22T23:41:35+00:00,2026,3,CAR@CLE,Jason Logan (Covers),total,over,41.5,Over 41.5
2026-09-22T23:41:35+00:00,2026,3,CAR@CLE,Eric Cohen (SportsLine),moneyline,CAR,,Panthers to win outright
2026-09-22T23:41:35+00:00,2026,3,NYJ@DET,Ryan Gilbert (Sports Illustrated),spread,NYJ,6.5,NYJ +6.5
2026-09-22T23:41:35+00:00,2026,3,NYJ@DET,Iain MacMillan (Sports Illustrated),spread,DET,-6.5,DET -6.5
2026-09-22T23:41:35+00:00,2026,3,NYJ@DET,Ed Scimia (Covers),spread,DET,-6.5,DET -6.5
2026-09-22T23:41:35+00:00,2026,3,NYJ@DET,Ed Scimia (Covers),total,under,48.5,Under 48.5
2026-09-22T23:41:35+00:00,2026,3,HOU@IND,Ryan Gilbert (Sports Illustrated),total,over,43.5,Over 43.5
2026-09-22T23:41:35+00:00,2026,3,HOU@IND,Iain MacMillan (Sports Illustrated),spread,HOU,-2.5,HOU -2.5
2026-09-22T23:41:35+00:00,2026,3,NE@JAX,Peter Dewey (Sports Illustrated),spread,NE,3.0,NE +3
2026-09-22T23:41:35+00:00,2026,3,NE@JAX,Iain MacMillan (Sports Illustrated),spread,JAX,-2.5,JAX -2.5
2026-09-22T23:41:35+00:00,2026,3,NE@JAX,Jason Logan (Covers),spread,JAX,-2.5,JAX -2.5
2026-09-22T23:41:35+00:00,2026,3,KC@MIA,Ryan Gilbert (Sports Illustrated),spread,KC,-11.5,KC -11.5
2026-09-22T23:41:35+00:00,2026,3,KC@MIA,Iain MacMillan (Sports Illustrated),total,over,45.5,Over 45.5
2026-09-22T23:41:35+00:00,2026,3,TEN@NYG,Ryan Gilbert (Sports Illustrated),total,under,40.5,Under 40.5
2026-09-22T23:41:35+00:00,2026,3,TEN@NYG,Iain MacMillan (Sports Illustrated),moneyline,TEN,,TEN +162 moneyline
2026-09-22T23:41:35+00:00,2026,3,CIN@PIT,Ryan Gilbert (Sports Illustrated),total,under,42.5,Under 42.5
2026-09-22T23:41:35+00:00,2026,3,CIN@PIT,Iain MacMillan (Sports Illustrated),total,under,42.5,Under 42.5
2026-09-22T23:41:35+00:00,2026,3,CIN@PIT,Quinn Allen (Covers),spread,CIN,-3.5,CIN -3.5
2026-09-22T23:41:35+00:00,2026,3,CIN@PIT,Quinn Allen (Covers),total,under,42.5,Under 42.5
2026-09-22T23:41:35+00:00,2026,3,SEA@WAS,Peter Dewey (Sports Illustrated),spread,SEA,-7.0,SEA -7
2026-09-22T23:41:35+00:00,2026,3,SEA@WAS,Iain MacMillan (Sports Illustrated),spread,SEA,-6.5,SEA -6.5
2026-09-22T23:41:35+00:00,2026,3,SEA@WAS,Jason Logan (Covers),spread,WAS,7.5,WAS +7.5
2026-09-22T23:41:35+00:00,2026,3,ARI@SF,Ryan Gilbert (Sports Illustrated),spread,SF,-8.5,SF -8.5
2026-09-22T23:41:35+00:00,2026,3,ARI@SF,Iain MacMillan (Sports Illustrated),spread,SF,-7.5,SF -7.5
2026-09-22T23:41:35+00:00,2026,3,MIN@TB,Iain MacMillan (Sports Illustrated),total,under,43.5,Under 43.5
2026-09-22T23:41:35+00:00,2026,3,BAL@DAL,Iain MacMillan (Sports Illustrated),spread,BAL,-3.0,BAL -3
2026-09-22T23:41:35+00:00,2026,3,BAL@DAL,Neil Parker (Covers),spread,DAL,2.5,DAL +2.5
2026-09-22T23:41:35+00:00,2026,3,BAL@DAL,Neil Parker (Covers),total,over,52.5,Over 52.5
2026-09-22T23:41:35+00:00,2026,3,LV@NO,Iain MacMillan (Sports Illustrated),total,under,43.5,Under 43.5
2026-09-22T23:41:35+00:00,2026,3,LV@NO,Geoff Clark (Covers),spread,NO,-3.5,NO -3.5
2026-09-22T23:41:35+00:00,2026,3,LV@NO,Geoff Clark (Covers),total,over,43.5,Over 43.5
2026-09-22T23:41:35+00:00,2026,3,LA@DEN,Iain MacMillan (Sports Illustrated),spread,LA,-2.5,LA -2.5
2026-09-22T23:41:35+00:00,2026,3,LA@DEN,Gary Pearson (Sportsbook Review),total,under,45.5,Under 45.5
2026-09-22T23:41:35+00:00,2026,3,PHI@CHI,Iain MacMillan (Sports Illustrated),spread,CHI,3.5,CHI +3.5
2026-09-22T23:41:35+00:00,2026,3,PHI@CHI,Gary Pearson (Sportsbook Review),spread,PHI,-3.5,PHI -3.5
2026-09-25T23:11:48+00:00,2026,3,LAC@BUF,Owen O'Brien (CBS Sports),total,over,50.5,Over 50.5
2026-09-25T23:11:48+00:00,2026,3,LAC@BUF,Jason Logan (Covers),spread,LAC,7.5,LAC +7.5
2026-09-25T23:11:48+00:00,2026,3,CAR@CLE,Owen O'Brien (CBS Sports),spread,CLE,3.0,CLE +3
2026-09-25T23:11:48+00:00,2026,3,CAR@CLE,Steve Makinen (VSiN),spread,CLE,2.5,CLE +2.5
2026-09-25T23:11:48+00:00,2026,3,NYJ@DET,Steve Makinen (VSiN),spread,DET,-6.5,DET -6.5
2026-09-25T23:11:48+00:00,2026,3,HOU@IND,Steve Makinen (VSiN),spread,IND,1.5,IND +1.5
2026-09-25T23:11:48+00:00,2026,3,NE@JAX,Owen O'Brien (CBS Sports),spread,NE,3.0,NE +3
2026-09-25T23:11:48+00:00,2026,3,KC@MIA,Steve Makinen (VSiN),spread,MIA,10.5,MIA +10.5
2026-09-25T23:11:48+00:00,2026,3,TEN@NYG,Owen O'Brien (CBS Sports),spread,TEN,3.0,TEN +3
2026-09-25T23:11:48+00:00,2026,3,SEA@WAS,Owen O'Brien (CBS Sports),spread,SEA,-6.5,SEA -6.5
2026-09-25T23:11:48+00:00,2026,3,ARI@SF,Owen O'Brien (CBS Sports),spread,ARI,8.5,ARI +8.5
2026-09-25T23:11:48+00:00,2026,3,ARI@SF,Steve Makinen (VSiN),spread,ARI,8.5,ARI +8.5
2026-09-25T23:11:48+00:00,2026,3,MIN@TB,Steve Makinen (VSiN),spread,TB,1.5,TB +1.5
2026-09-25T23:11:48+00:00,2026,3,MIN@TB,Jason Logan (Covers),spread,TB,1.5,TB +1.5
2026-09-25T23:11:48+00:00,2026,3,BAL@DAL,Steve Makinen (VSiN),total,over,52.5,Over 52.5
2026-09-25T23:11:48+00:00,2026,3,LV@NO,Jason Logan (Covers),spread,LV,3.5,LV +3.5
2026-09-25T23:11:48+00:00,2026,3,LA@DEN,Owen O'Brien (CBS Sports),spread,LA,-2.5,LA -2.5
2026-09-25T23:11:48+00:00,2026,3,LA@DEN,Steve Makinen (VSiN),spread,DEN,2.5,DEN +2.5
2026-09-25T23:11:48+00:00,2026,3,PHI@CHI,Owen O'Brien (CBS Sports),total,under,44.5,Under 44.5
2026-09-25T23:11:48+00:00,2026,3,PHI@CHI,Steve Makinen (VSiN),spread,CHI,4.5,CHI +4.5
2026-09-29T22:34:10+00:00,2026,4,PIT@CLE,Chris Vasile (Covers),spread,PIT,-2.5,PIT -2.5
2026-09-29T22:34:10+00:00,2026,4,PIT@CLE,John Breech (CBS Sports),spread,CLE,2.5,CLE +2.5
2026-09-29T22:34:10+00:00,2026,4,IND@WAS,Chris Vasile (Covers),spread,WAS,3.5,WAS +3.5
2026-09-29T22:34:10+00:00,2026,4,TEN@BAL,Chris Vasile (Covers),spread,TEN,11.5,TEN +11.5
2026-09-29T22:34:10+00:00,2026,4,NE@BUF,Chris Vasile (Covers),spread,BUF,-6.5,BUF -6.5
2026-09-29T22:34:10+00:00,2026,4,NYJ@CHI,Chris Vasile (Covers),spread,NYJ,3.5,NYJ +3.5
2026-09-29T22:34:10+00:00,2026,4,JAX@CIN,Chris Vasile (Covers),spread,CIN,-2.5,CIN -2.5
2026-09-29T22:34:10+00:00,2026,4,JAX@CIN,John Breech (CBS Sports),spread,CIN,-2.5,CIN -2.5
2026-09-29T22:34:10+00:00,2026,4,DAL@HOU,Chris Vasile (Covers),spread,DAL,2.5,DAL +2.5
2026-09-29T22:34:10+00:00,2026,4,DAL@HOU,John Breech (CBS Sports),spread,HOU,-2.5,HOU -2.5
2026-09-29T22:34:10+00:00,2026,4,ARI@NYG,Chris Vasile (Covers),spread,ARI,-1.5,ARI -1.5
2026-09-29T22:34:10+00:00,2026,4,ARI@NYG,Peter Dewey (Sports Illustrated),moneyline,ARI,,ARI moneyline
2026-09-29T22:34:10+00:00,2026,4,LA@PHI,Chris Vasile (Covers),spread,PHI,3.5,PHI +3.5
2026-09-29T22:34:10+00:00,2026,4,GB@TB,Chris Vasile (Covers),spread,GB,-3.5,GB -3.5
2026-09-29T22:34:10+00:00,2026,4,MIA@MIN,Chris Vasile (Covers),spread,MIA,10.5,MIA +10.5
2026-09-29T22:34:10+00:00,2026,4,KC@LV,Chris Vasile (Covers),spread,LV,4.5,LV +4.5
2026-09-29T22:34:10+00:00,2026,4,KC@LV,John Breech (CBS Sports),spread,KC,-4.5,KC -4.5
2026-09-29T22:34:10+00:00,2026,4,LAC@SEA,Chris Vasile (Covers),spread,LAC,7.5,LAC +7.5
2026-09-29T22:34:10+00:00,2026,4,DEN@SF,Chris Vasile (Covers),spread,SF,-2.5,SF -2.5
2026-09-29T22:34:10+00:00,2026,4,DET@CAR,Chris Vasile (Covers),spread,DET,-3.5,DET -3.5
2026-09-29T22:34:10+00:00,2026,4,ATL@NO,Chris Vasile (Covers),spread,ATL,2.5,ATL +2.5
2026-09-29T22:34:10+00:00,2026,4,ATL@NO,John Breech (CBS Sports),spread,ATL,2.5,ATL +2.5
2026-10-02T16:40:33+00:00,2026,4,IND@WAS,Jordan Dajani (CBS Sports),spread,IND,-3.5,IND -3.5
2026-10-02T16:40:33+00:00,2026,4,IND@WAS,Jared Dubin (CBS Sports),spread,WAS,3.5,WAS +3.5
2026-10-02T16:40:33+00:00,2026,4,NE@BUF,Jordan Dajani (CBS Sports),spread,BUF,-7.0,BUF -7
2026-10-02T16:40:33+00:00,2026,4,NE@BUF,Steve Makinen (VSiN),spread,NE,6.5,NE +6.5
2026-10-02T16:40:33+00:00,2026,4,JAX@CIN,Jordan Dajani (CBS Sports),spread,CIN,-2.5,CIN -2.5
2026-10-02T16:40:33+00:00,2026,4,JAX@CIN,Jared Dubin (CBS Sports),spread,JAX,2.5,JAX +2.5
2026-10-02T16:40:33+00:00,2026,4,JAX@CIN,Steve Makinen (VSiN),spread,CIN,-2.5,CIN -2.5
2026-10-02T16:40:33+00:00,2026,4,DAL@HOU,Jordan Dajani (CBS Sports),spread,HOU,-2.5,HOU -2.5
2026-10-02T16:40:33+00:00,2026,4,DAL@HOU,Jared Dubin (CBS Sports),spread,HOU,-2.5,HOU -2.5
2026-10-02T16:40:33+00:00,2026,4,ARI@NYG,Steve Makinen (VSiN),spread,NYG,2.5,NYG +2.5
2026-10-02T16:40:33+00:00,2026,4,LA@PHI,Jordan Dajani (CBS Sports),spread,LA,-3.5,LA -3.5
2026-10-02T16:40:33+00:00,2026,4,LA@PHI,Jared Dubin (CBS Sports),spread,LA,-3.0,LA -3
2026-10-02T16:40:33+00:00,2026,4,MIA@MIN,Jordan Dajani (CBS Sports),spread,MIN,-10.5,MIN -10.5
2026-10-02T16:40:33+00:00,2026,4,MIA@MIN,Steve Makinen (VSiN),spread,MIA,10.5,MIA +10.5
2026-10-02T16:40:33+00:00,2026,4,KC@LV,Jordan Dajani (CBS Sports),spread,LV,4.5,LV +4.5
2026-10-02T16:40:33+00:00,2026,4,KC@LV,Steve Makinen (VSiN),total,under,47.5,Under 47.5
2026-10-02T16:40:33+00:00,2026,4,LAC@SEA,Steve Makinen (VSiN),spread,LAC,7.0,LAC +7
2026-10-02T16:40:33+00:00,2026,4,DEN@SF,Jordan Dajani (CBS Sports),spread,DEN,3.0,DEN +3
2026-10-02T16:40:33+00:00,2026,4,DEN@SF,Jared Dubin (CBS Sports),spread,SF,-3.0,SF -3
2026-10-02T16:40:33+00:00,2026,4,DEN@SF,Steve Makinen (VSiN),spread,SF,-3.0,SF -3
2026-10-02T16:40:33+00:00,2026,4,DET@CAR,Jordan Dajani (CBS Sports),spread,DET,-3.5,DET -3.5
2026-10-02T16:40:33+00:00,2026,4,DET@CAR,Jared Dubin (CBS Sports),spread,DET,-3.5,DET -3.5
2026-10-02T16:40:33+00:00,2026,4,DET@CAR,Steve Makinen (VSiN),spread,CAR,3.5,CAR +3.5
2026-10-02T16:40:33+00:00,2026,4,ATL@NO,Jordan Dajani (CBS Sports),spread,NO,-3.0,NO -3
2026-10-02T16:40:33+00:00,2026,4,ATL@NO,Steve Makinen (VSiN),spread,ATL,2.5,ATL +2.5
2026-10-07T18:52:15+00:00,2026,5,TB@DAL,Tyler Sullivan (CBS Sports),spread,DAL,-8.5,DAL -8.5
2026-10-07T18:52:15+00:00,2026,5,TB@DAL,Sascha Paruk (SportsBettingDime),spread,DAL,-9.5,DAL -9.5
2026-10-07T18:52:15+00:00,2026,5,PHI@JAX,Tyler Sullivan (CBS Sports),spread,JAX,-6.5,JAX -6.5
2026-10-07T18:52:15+00:00,2026,5,PHI@JAX,Sascha Paruk (SportsBettingDime),spread,JAX,-4.5,JAX -4.5
2026-10-07T18:52:15+00:00,2026,5,CHI@GB,Tyler Sullivan (CBS Sports),spread,CHI,-2.5,CHI -2.5
2026-10-07T18:52:15+00:00,2026,5,CHI@GB,Jason Logan (Covers),spread,GB,3.0,GB +3
2026-10-07T18:52:15+00:00,2026,5,CHI@GB,Sascha Paruk (SportsBettingDime),spread,GB,1.5,GB +1.5
2026-10-07T18:52:15+00:00,2026,5,CIN@MIA,Tyler Sullivan (CBS Sports),spread,CIN,-7.5,CIN -7.5
2026-10-07T18:52:15+00:00,2026,5,CIN@MIA,Sascha Paruk (SportsBettingDime),spread,CIN,-7.5,CIN -7.5
2026-10-07T18:52:15+00:00,2026,5,LV@NE,Tyler Sullivan (CBS Sports),spread,LV,3.5,LV +3.5
2026-10-07T18:52:15+00:00,2026,5,LV@NE,Sascha Paruk (SportsBettingDime),spread,LV,3.5,LV +3.5
2026-10-07T18:52:15+00:00,2026,5,MIN@NO,Tyler Sullivan (CBS Sports),spread,MIN,-1.5,MIN -1.5
2026-10-07T18:52:15+00:00,2026,5,MIN@NO,Sascha Paruk (SportsBettingDime),spread,MIN,-1.5,MIN -1.5
2026-10-07T18:52:15+00:00,2026,5,CLE@NYJ,Tyler Sullivan (CBS Sports),spread,NYJ,-2.5,NYJ -2.5
2026-10-07T18:52:15+00:00,2026,5,CLE@NYJ,Jason Logan (Covers),spread,CLE,2.5,CLE +2.5
2026-10-07T18:52:15+00:00,2026,5,CLE@NYJ,Sascha Paruk (SportsBettingDime),spread,CLE,1.5,CLE +1.5
2026-10-07T18:52:15+00:00,2026,5,IND@PIT,Tyler Sullivan (CBS Sports),spread,PIT,-2.5,PIT -2.5
2026-10-07T18:52:15+00:00,2026,5,IND@PIT,Sascha Paruk (SportsBettingDime),spread,IND,2.5,IND +2.5
2026-10-07T18:52:15+00:00,2026,5,HOU@TEN,Tyler Sullivan (CBS Sports),spread,HOU,-7.0,HOU -7
2026-10-07T18:52:15+00:00,2026,5,HOU@TEN,Sascha Paruk (SportsBettingDime),spread,HOU,-6.5,HOU -6.5
2026-10-07T18:52:15+00:00,2026,5,NYG@WAS,Tyler Sullivan (CBS Sports),spread,NYG,3.5,NYG +3.5
2026-10-07T18:52:15+00:00,2026,5,NYG@WAS,Sascha Paruk (SportsBettingDime),spread,WAS,-2.5,WAS -2.5
2026-10-07T18:52:15+00:00,2026,5,DEN@LAC,Tyler Sullivan (CBS Sports),spread,DEN,-3.5,DEN -3.5
2026-10-07T18:52:15+00:00,2026,5,DEN@LAC,Sascha Paruk (SportsBettingDime),spread,DEN,-3.5,DEN -3.5
2026-10-07T18:52:15+00:00,2026,5,DET@ARI,Tyler Sullivan (CBS Sports),spread,ARI,4.5,ARI +4.5
2026-10-07T18:52:15+00:00,2026,5,DET@ARI,Sascha Paruk (SportsBettingDime),spread,DET,-5.5,DET -5.5
2026-10-07T18:52:15+00:00,2026,5,SF@SEA,Tyler Sullivan (CBS Sports),spread,SEA,-3.0,SEA -3
2026-10-07T18:52:15+00:00,2026,5,SF@SEA,Sascha Paruk (SportsBettingDime),spread,SEA,-2.5,SEA -2.5
2026-10-07T18:52:15+00:00,2026,5,BAL@ATL,Tyler Sullivan (CBS Sports),spread,ATL,-2.5,ATL -2.5
2026-10-07T18:52:15+00:00,2026,5,BAL@ATL,Jason Logan (Covers),spread,BAL,3.5,BAL +3.5
2026-10-07T18:52:15+00:00,2026,5,BAL@ATL,Sascha Paruk (SportsBettingDime),spread,BAL,-3.5,BAL -3.5
2026-10-07T18:52:15+00:00,2026,5,BUF@LA,Tyler Sullivan (CBS Sports),spread,LA,-2.5,LA -2.5
2026-10-07T18:52:15+00:00,2026,5,BUF@LA,Sascha Paruk (SportsBettingDime),spread,BUF,2.5,BUF +2.5
2026-10-09T22:31:58+00:00,2026,5,PHI@JAX,Jared Dubin (CBS Sports),spread,PHI,6.5,PHI +6.5
2026-10-09T22:31:58+00:00,2026,5,PHI@JAX,Ryan Wilson (CBS Sports),spread,JAX,-6.5,JAX -6.5
2026-10-09T22:31:58+00:00,2026,5,PHI@JAX,John Breech (CBS Sports),spread,JAX,-6.5,JAX -6.5
2026-10-09T22:31:58+00:00,2026,5,PHI@JAX,Dave Richard (CBS Sports),spread,JAX,-6.5,JAX -6.5
2026-10-09T22:31:58+00:00,2026,5,PHI@JAX,Jamey Eisenberg (CBS Sports),spread,JAX,-6.5,JAX -6.5
2026-10-09T22:31:58+00:00,2026,5,PHI@JAX,Pete Prisco (CBS Sports),spread,JAX,-7.0,JAX -7
2026-10-09T22:31:58+00:00,2026,5,PHI@JAX,Jordan Dajani (CBS Sports),spread,JAX,-7.0,JAX -7
2026-10-09T22:31:58+00:00,2026,5,CHI@GB,Ryan Wilson (CBS Sports),spread,CHI,-3.0,CHI -3
2026-10-09T22:31:58+00:00,2026,5,CHI@GB,John Breech (CBS Sports),spread,CHI,-3.0,CHI -3
2026-10-09T22:31:58+00:00,2026,5,CHI@GB,Dave Richard (CBS Sports),spread,CHI,-3.0,CHI -3
2026-10-09T22:31:58+00:00,2026,5,CHI@GB,Jamey Eisenberg (CBS Sports),spread,GB,3.0,GB +3
2026-10-09T22:31:58+00:00,2026,5,CHI@GB,Pete Prisco (CBS Sports),spread,GB,3.0,GB +3
2026-10-09T22:31:58+00:00,2026,5,CHI@GB,Jordan Dajani (CBS Sports),spread,GB,3.0,GB +3
2026-10-09T22:31:58+00:00,2026,5,CIN@MIA,Jared Dubin (CBS Sports),spread,CIN,-7.5,CIN -7.5
2026-10-09T22:31:58+00:00,2026,5,CIN@MIA,Ryan Wilson (CBS Sports),spread,CIN,-7.5,CIN -7.5
2026-10-09T22:31:58+00:00,2026,5,CIN@MIA,John Breech (CBS Sports),spread,CIN,-7.5,CIN -7.5
2026-10-09T22:31:58+00:00,2026,5,CIN@MIA,Dave Richard (CBS Sports),spread,MIA,7.5,MIA +7.5
2026-10-09T22:31:58+00:00,2026,5,CIN@MIA,Jamey Eisenberg (CBS Sports),spread,CIN,-7.5,CIN -7.5
2026-10-09T22:31:58+00:00,2026,5,CIN@MIA,Pete Prisco (CBS Sports),spread,CIN,-7.0,CIN -7
2026-10-09T22:31:58+00:00,2026,5,LV@NE,Jared Dubin (CBS Sports),spread,LV,3.5,LV +3.5
2026-10-09T22:31:58+00:00,2026,5,LV@NE,Ryan Wilson (CBS Sports),spread,NE,-3.5,NE -3.5
2026-10-09T22:31:58+00:00,2026,5,LV@NE,John Breech (CBS Sports),spread,NE,-3.5,NE -3.5
2026-10-09T22:31:58+00:00,2026,5,LV@NE,Dave Richard (CBS Sports),spread,NE,-3.5,NE -3.5
2026-10-09T22:31:58+00:00,2026,5,LV@NE,Jamey Eisenberg (CBS Sports),spread,NE,-3.5,NE -3.5
2026-10-09T22:31:58+00:00,2026,5,LV@NE,Pete Prisco (CBS Sports),spread,NE,-3.5,NE -3.5
2026-10-09T22:31:58+00:00,2026,5,MIN@NO,Jared Dubin (CBS Sports),spread,MIN,-2.0,MIN -2
2026-10-09T22:31:58+00:00,2026,5,MIN@NO,Ryan Wilson (CBS Sports),spread,MIN,-2.0,MIN -2
2026-10-09T22:31:58+00:00,2026,5,MIN@NO,John Breech (CBS Sports),spread,MIN,-2.0,MIN -2
2026-10-09T22:31:58+00:00,2026,5,MIN@NO,Dave Richard (CBS Sports),spread,NO,2.0,NO +2
2026-10-09T22:31:58+00:00,2026,5,MIN@NO,Jamey Eisenberg (CBS Sports),spread,MIN,-2.0,MIN -2
2026-10-09T22:31:58+00:00,2026,5,MIN@NO,Pete Prisco (CBS Sports),spread,MIN,-1.5,MIN -1.5
2026-10-09T22:31:58+00:00,2026,5,CLE@NYJ,Jared Dubin (CBS Sports),spread,NYJ,-2.5,NYJ -2.5
2026-10-09T22:31:58+00:00,2026,5,CLE@NYJ,Ryan Wilson (CBS Sports),spread,CLE,2.5,CLE +2.5
2026-10-09T22:31:58+00:00,2026,5,CLE@NYJ,John Breech (CBS Sports),spread,CLE,2.5,CLE +2.5
2026-10-09T22:31:58+00:00,2026,5,CLE@NYJ,Dave Richard (CBS Sports),spread,CLE,2.5,CLE +2.5
2026-10-09T22:31:58+00:00,2026,5,CLE@NYJ,Jamey Eisenberg (CBS Sports),spread,CLE,2.5,CLE +2.5
2026-10-09T22:31:58+00:00,2026,5,CLE@NYJ,Pete Prisco (CBS Sports),spread,NYJ,-2.5,NYJ -2.5
2026-10-09T22:31:58+00:00,2026,5,IND@PIT,Jared Dubin (CBS Sports),spread,IND,2.5,IND +2.5
2026-10-09T22:31:58+00:00,2026,5,IND@PIT,Ryan Wilson (CBS Sports),spread,PIT,-2.5,PIT -2.5
2026-10-09T22:31:58+00:00,2026,5,IND@PIT,John Breech (CBS Sports),spread,IND,2.5,IND +2.5
2026-10-09T22:31:58+00:00,2026,5,IND@PIT,Dave Richard (CBS Sports),spread,PIT,-2.5,PIT -2.5
2026-10-09T22:31:58+00:00,2026,5,IND@PIT,Jamey Eisenberg (CBS Sports),spread,PIT,-2.5,PIT -2.5
2026-10-09T22:31:58+00:00,2026,5,IND@PIT,Pete Prisco (CBS Sports),spread,PIT,-2.5,PIT -2.5
2026-10-09T22:31:58+00:00,2026,5,IND@PIT,Jordan Dajani (CBS Sports),spread,PIT,-2.5,PIT -2.5
2026-10-09T22:31:58+00:00,2026,5,HOU@TEN,Jared Dubin (CBS Sports),spread,HOU,-7.0,HOU -7
2026-10-09T22:31:58+00:00,2026,5,HOU@TEN,Ryan Wilson (CBS Sports),spread,HOU,-7.0,HOU -7
2026-10-09T22:31:58+00:00,2026,5,HOU@TEN,John Breech (CBS Sports),spread,TEN,7.0,TEN +7
2026-10-09T22:31:58+00:00,2026,5,HOU@TEN,Dave Richard (CBS Sports),spread,TEN,7.0,TEN +7
2026-10-09T22:31:58+00:00,2026,5,HOU@TEN,Jamey Eisenberg (CBS Sports),spread,HOU,-7.0,HOU -7
2026-10-09T22:31:58+00:00,2026,5,HOU@TEN,Pete Prisco (CBS Sports),spread,TEN,7.0,TEN +7
2026-10-09T22:31:58+00:00,2026,5,NYG@WAS,Jared Dubin (CBS Sports),spread,WAS,-3.5,WAS -3.5
2026-10-09T22:31:58+00:00,2026,5,NYG@WAS,Ryan Wilson (CBS Sports),spread,NYG,3.5,NYG +3.5
2026-10-09T22:31:58+00:00,2026,5,NYG@WAS,John Breech (CBS Sports),spread,NYG,3.5,NYG +3.5
2026-10-09T22:31:58+00:00,2026,5,NYG@WAS,Dave Richard (CBS Sports),spread,WAS,-3.5,WAS -3.5
2026-10-09T22:31:58+00:00,2026,5,NYG@WAS,Jamey Eisenberg (CBS Sports),spread,NYG,3.5,NYG +3.5
2026-10-09T22:31:58+00:00,2026,5,NYG@WAS,Pete Prisco (CBS Sports),spread,NYG,3.0,NYG +3
2026-10-09T22:31:58+00:00,2026,5,DEN@LAC,Jared Dubin (CBS Sports),spread,LAC,3.5,LAC +3.5
2026-10-09T22:31:58+00:00,2026,5,DEN@LAC,Ryan Wilson (CBS Sports),spread,DEN,-3.5,DEN -3.5
2026-10-09T22:31:58+00:00,2026,5,DEN@LAC,John Breech (CBS Sports),spread,DEN,-3.5,DEN -3.5
2026-10-09T22:31:58+00:00,2026,5,DEN@LAC,Dave Richard (CBS Sports),spread,DEN,-3.5,DEN -3.5
2026-10-09T22:31:58+00:00,2026,5,DEN@LAC,Jamey Eisenberg (CBS Sports),spread,DEN,-3.5,DEN -3.5
2026-10-09T22:31:58+00:00,2026,5,DEN@LAC,Pete Prisco (CBS Sports),spread,LAC,3.5,LAC +3.5
2026-10-09T22:31:58+00:00,2026,5,DET@ARI,Jared Dubin (CBS Sports),spread,DET,-4.5,DET -4.5
2026-10-09T22:31:58+00:00,2026,5,DET@ARI,Ryan Wilson (CBS Sports),spread,ARI,4.5,ARI +4.5
2026-10-09T22:31:58+00:00,2026,5,DET@ARI,John Breech (CBS Sports),spread,DET,-4.5,DET -4.5
2026-10-09T22:31:58+00:00,2026,5,DET@ARI,Dave Richard (CBS Sports),spread,DET,-4.5,DET -4.5
2026-10-09T22:31:58+00:00,2026,5,DET@ARI,Jamey Eisenberg (CBS Sports),spread,DET,-4.5,DET -4.5
2026-10-09T22:31:58+00:00,2026,5,DET@ARI,Pete Prisco (CBS Sports),spread,DET,-4.5,DET -4.5
2026-10-09T22:31:58+00:00,2026,5,SF@SEA,Jared Dubin (CBS Sports),spread,SEA,-3.0,SEA -3
2026-10-09T22:31:58+00:00,2026,5,SF@SEA,Ryan Wilson (CBS Sports),spread,SEA,-3.0,SEA -3
2026-10-09T22:31:58+00:00,2026,5,SF@SEA,John Breech (CBS Sports),spread,SF,3.0,SF +3
2026-10-09T22:31:58+00:00,2026,5,SF@SEA,Dave Richard (CBS Sports),spread,SEA,-3.0,SEA -3
2026-10-09T22:31:58+00:00,2026,5,SF@SEA,Jamey Eisenberg (CBS Sports),spread,SF,3.0,SF +3
2026-10-09T22:31:58+00:00,2026,5,SF@SEA,Pete Prisco (CBS Sports),spread,SEA,-2.5,SEA -2.5
2026-10-09T22:31:58+00:00,2026,5,SF@SEA,Jordan Dajani (CBS Sports),spread,SF,2.5,SF +2.5
2026-10-09T22:31:58+00:00,2026,5,BAL@ATL,Jared Dubin (CBS Sports),spread,ATL,-3.0,ATL -3
2026-10-09T22:31:58+00:00,2026,5,BAL@ATL,Ryan Wilson (CBS Sports),spread,ATL,-3.0,ATL -3
2026-10-09T22:31:58+00:00,2026,5,BAL@ATL,John Breech (CBS Sports),spread,ATL,-3.0,ATL -3
2026-10-09T22:31:58+00:00,2026,5,BAL@ATL,Dave Richard (CBS Sports),spread,ATL,-3.0,ATL -3
2026-10-09T22:31:58+00:00,2026,5,BAL@ATL,Jamey Eisenberg (CBS Sports),spread,ATL,-3.0,ATL -3
2026-10-09T22:31:58+00:00,2026,5,BAL@ATL,Pete Prisco (CBS Sports),spread,BAL,-2.5,BAL -2.5
2026-10-09T22:31:58+00:00,2026,5,BAL@ATL,Jordan Dajani (CBS Sports),spread,ATL,-3.5,ATL -3.5
2026-10-09T22:31:58+00:00,2026,5,BUF@LA,Jared Dubin (CBS Sports),spread,LA,-2.5,LA -2.5
2026-10-09T22:31:58+00:00,2026,5,BUF@LA,Ryan Wilson (CBS Sports),spread,BUF,2.5,BUF +2.5
2026-10-09T22:31:58+00:00,2026,5,BUF@LA,John Breech (CBS Sports),spread,LA,-2.5,LA -2.5
2026-10-09T22:31:58+00:00,2026,5,BUF@LA,Dave Richard (CBS Sports),spread,LA,-2.5,LA -2.5
2026-10-09T22:31:58+00:00,2026,5,BUF@LA,Jamey Eisenberg (CBS Sports),spread,LA,-2.5,LA -2.5
2026-10-09T22:31:58+00:00,2026,5,BUF@LA,Pete Prisco (CBS Sports),spread,BUF,2.5,BUF +2.5
2026-10-09T22:31:58+00:00,2026,5,BUF@LA,Jordan Dajani (CBS Sports),spread,BUF,3.0,BUF +3
