,Rating2025,Off2025,Def2025,Prior2026,PassRate,PassRateSrc,PassRatePlays,PassOff,RushOff,PassDef,RushDef,Giveaways,Takeaways,TOSrc,TOGames,OffCur,DefCur,GamesCur
LA,15.732,10.3966,3.3943,8.6246,0.615,2026 to date,226,7.0451,3.3515,3.022,0.3723,2.0,0.75,2026 to date,4,1.0298,5.2892,4
SEA,12.1444,2.5378,9.6381,6.9505,0.4896,2026 to date,192,2.2907,0.2471,5.9821,3.656,1.5,1.75,2026 to date,4,3.6585,1.5779,4
NE,10.5645,8.969,1.5184,6.6649,0.5455,2026 to date,198,7.9939,0.975,0.8826,0.6358,2.5,1.25,2026 to date,4,-4.2727,6.3749,4
BUF,9.0345,7.6536,1.2476,5.661,0.5628,2026 to date,199,4.8628,2.7909,3.4537,-2.2061,1.75,1.25,2026 to date,4,9.2336,-9.3744,4
JAX,6.2103,1.7863,5.6541,4.2708,0.5187,2026 to date,187,2.7792,-0.9929,4.6558,0.9982,0.5,2.0,2026 to date,4,9.1057,4.1038,4
HOU,4.7854,-0.3005,7.39,3.8692,0.6436,2026 to date,202,1.2141,-1.5147,5.8431,1.5469,0.5,0.75,2026 to date,4,-6.9438,2.7766,4
DEN,5.6482,0.8444,3.9147,2.702,0.5652,2026 to date,184,1.4873,-0.6429,3.7563,0.1584,1.0,1.25,2026 to date,4,0.8927,4.6814,4
PHI,2.475,-1.3273,5.7551,2.3026,0.5112,2026 to date,178,-0.5834,-0.7438,4.6647,1.0904,1.25,0.5,2026 to date,4,-5.763,-1.0325,4
DET,4.0505,2.3737,0.9481,2.0644,0.5882,2026 to date,221,3.2462,-0.8725,2.066,-1.1179,0.25,1.0,2026 to date,4,4.8774,-7.1091,4
BAL,2.3332,2.2861,0.9673,2.018,0.4925,2026 to date,201,-0.6539,2.94,-1.8626,2.8299,0.5,1.25,2026 to date,4,5.3275,1.4283,4
CHI,1.5029,5.1318,-2.6041,1.9034,0.4723,2026 to date,235,2.8902,2.2416,-1.6665,-0.9376,1.5,1.25,2026 to date,4,8.6666,0.5571,4
GB,4.7461,6.1883,-4.1887,1.7186,0.6321,2026 to date,193,7.2543,-1.066,-3.8606,-0.3281,1.5,1.0,2026 to date,4,-1.4312,-5.4488,4
SF,3.5129,5.7193,-3.853,1.5984,0.5161,2026 to date,186,4.7669,0.9525,-3.4568,-0.3962,0.5,0.75,2026 to date,4,16.4393,0.388,4
IND,0.9875,2.8053,-1.2148,1.1553,0.5436,2026 to date,195,0.7623,2.043,-1.6623,0.4475,2.0,0.5,2026 to date,4,-3.764,-1.5583,4
LAC,0.2845,-2.712,4.6888,0.816,0.532,2026 to date,203,-1.9947,-0.7173,3.5976,1.0911,2.25,2.0,2026 to date,4,-10.6533,4.0157,4
PIT,0.3175,0.3615,0.9962,0.7829,0.6488,2026 to date,205,-1.1263,1.4878,-0.3044,1.3006,1.75,1.75,2026 to date,4,-0.9736,0.2281,4
MIN,0.7308,-6.7791,9.2855,0.7006,0.4607,2026 to date,178,-6.4655,-0.3136,8.0956,1.1899,0.5,1.75,2026 to date,4,-7.6096,9.701,4
ATL,0.6637,0.5016,-0.0792,0.2825,0.4118,2026 to date,204,0.0192,0.4825,0.572,-0.6512,2.0,0.75,2026 to date,4,-4.1997,6.67,4
NYG,-1.9615,0.8448,-2.1363,-0.6259,0.4388,2026 to date,196,0.5939,0.2508,1.062,-3.1983,1.25,2.0,2026 to date,4,-7.5295,0.7413,4
TB,-1.6407,-0.5379,-1.0488,-0.9265,0.5968,2026 to date,186,0.0799,-0.6178,-1.6024,0.5537,2.25,1.0,2026 to date,4,-8.1625,3.1645,4
KC,-2.7493,-2.3026,0.7395,-1.0899,0.5427,2026 to date,199,-1.2708,-1.0317,-0.2164,0.956,0.5,1.75,2026 to date,4,7.2438,0.3953,4
NO,-2.2567,-6.4333,5.1785,-1.3335,0.6608,2026 to date,227,-4.1055,-2.3278,3.2407,1.9377,2.0,0.75,2026 to date,4,-1.3126,-6.8463,4
CIN,-1.6766,0.9236,-5.2273,-2.2747,0.6513,2026 to date,195,-1.4049,2.3284,-3.6596,-1.5676,1.0,1.5,2026 to date,4,3.0961,0.1876,4
DAL,-1.544,4.2074,-9.4983,-2.4892,0.6195,2026 to date,205,3.8173,0.3901,-6.7014,-2.7969,0.5,0.5,2026 to date,4,9.9227,-14.9946,4
CAR,-4.19,-2.8996,-1.7022,-2.8209,0.6143,2026 to date,223,-1.7617,-1.1379,-1.0368,-0.6654,0.75,2.0,2026 to date,4,4.099,2.5463,4
WAS,-2.2819,2.5199,-9.1752,-3.4084,0.5567,2026 to date,203,2.4787,0.0412,-5.9647,-3.2104,0.5,1.25,2026 to date,4,-6.4444,2.2984,4
MIA,-7.8697,-2.2728,-4.383,-3.888,0.5476,2026 to date,168,-3.0382,0.7654,-3.9781,-0.4049,1.25,0.75,2026 to date,4,-6.4785,-2.7397,4
ARI,-6.1201,-1.9249,-5.221,-4.1228,0.5762,2026 to date,210,-0.5721,-1.3528,-4.5526,-0.6684,1.25,1.5,2026 to date,4,-0.3341,-5.4324,4
CLE,-12.6804,-13.3971,6.129,-5.3371,0.587,2026 to date,184,-11.5336,-1.8635,6.2022,-0.0732,1.25,1.0,2026 to date,4,1.3625,-0.7318,4
TEN,-11.5925,-4.6749,-6.39,-6.5532,0.5896,2026 to date,173,-4.9412,0.2664,-5.8471,-0.5428,1.25,0.5,2026 to date,4,-4.8919,-6.1932,4
LV,-11.6248,-11.3995,-0.367,-7.6116,0.5288,2026 to date,208,-6.3707,-5.0289,-0.4356,0.0686,1.5,2.25,2026 to date,4,0.1021,3.601,4
NYJ,-17.5355,-9.0895,-10.3563,-11.6042,0.5506,2026 to date,178,-7.7595,-1.33,-10.2882,-0.0681,0.25,1.0,2026 to date,4,-4.2926,0.7348,4
