team,games,off_total,off_pass,off_rush,def_total,def_pass,def_rush,off_total_pg,off_pass_pg,off_rush_pg,def_total_pg,def_pass_pg,def_rush_pg,off_rank,po_rank,ro_rank,def_rank,pd_rank,rd_rank,giveaways_pg,takeaways_pg,ed_plays,ed_pass_rate,season
ARI,2,544,358,186,649,406,243,272.0,179.0,93.0,324.5,203.0,121.5,28,27,23,14,15,23,0.5,1.5,95,0.5579,2026
ATL,3,1022,503,519,932,789,143,340.6667,167.6667,173.0,310.6667,263.0,47.6667,11,29,2,12,29,1,2.6667,0.6667,158,0.4241,2026
BAL,2,818,508,310,549,382,167,409.0,254.0,155.0,274.5,191.0,83.5,3,6,3,3,12,4,1.0,1.0,100,0.53,2026
BUF,3,1205,740,465,1084,763,321,401.6667,246.6667,155.0,361.3333,254.3333,107.0,4,8,3,26,26,15,1.6667,1.0,155,0.5484,2026
CAR,3,1178,887,291,1097,517,580,392.6667,295.6667,97.0,365.6667,172.3333,193.3333,5,2,20,29,6,32,1.0,2.6667,164,0.6098,2026
CHI,2,849,424,425,724,480,244,424.5,212.0,212.5,362.0,240.0,122.0,1,16,1,27,25,24,2.0,1.0,113,0.5133,2026
CIN,3,970,696,274,1067,780,287,323.3333,232.0,91.3333,355.6667,260.0,95.6667,15,13,25,24,28,9,0.6667,2.0,135,0.5852,2026
CLE,3,798,535,263,1033,672,361,266.0,178.3333,87.6667,344.3333,224.0,120.3333,30,28,27,22,18,22,1.0,0.6667,132,0.5909,2026
DAL,2,576,441,135,783,436,347,288.0,220.5,67.5,391.5,218.0,173.5,26,14,31,30,17,31,0.5,1.0,87,0.6552,2026
DEN,2,568,403,165,660,345,315,284.0,201.5,82.5,330.0,172.5,157.5,27,19,29,18,7,30,1.5,1.0,86,0.5581,2026
DET,3,1105,743,362,1250,898,352,368.3333,247.6667,120.6667,416.6667,299.3333,117.3333,9,7,9,31,32,21,0.3333,1.3333,165,0.5515,2026
GB,3,946,800,146,1022,606,416,315.3333,266.6667,48.6667,340.6667,202.0,138.6667,16,3,32,21,14,28,1.3333,0.6667,150,0.66,2026
HOU,3,978,724,254,976,716,260,326.0,241.3333,84.6667,325.3333,238.6667,86.6667,14,11,28,15,24,5,0.6667,1.0,158,0.6582,2026
IND,3,880,570,310,1252,828,424,293.3333,190.0,103.3333,417.3333,276.0,141.3333,24,24,17,32,30,29,2.0,0.3333,147,0.5442,2026
JAX,3,943,585,358,981,707,274,314.3333,195.0,119.3333,327.0,235.6667,91.3333,17,22,10,16,23,8,0.6667,2.0,141,0.5248,2026
KC,3,1249,789,460,834,535,299,416.3333,263.0,153.3333,278.0,178.3333,99.6667,2,5,5,4,9,10,0.6667,1.6667,155,0.5484,2026
LA,2,771,486,285,561,335,226,385.5,243.0,142.5,280.5,167.5,113.0,6,10,6,6,3,18,2.0,1.0,97,0.5155,2026
LAC,3,926,587,339,1048,699,349,308.6667,195.6667,113.0,349.3333,233.0,116.3333,19,21,12,23,21,20,2.0,2.0,149,0.5369,2026
LV,2,595,408,187,569,368,201,297.5,204.0,93.5,284.5,184.0,100.5,22,18,22,7,10,12,1.5,2.5,96,0.4792,2026
MIA,3,872,577,295,1006,693,313,290.6667,192.3333,98.3333,335.3333,231.0,104.3333,25,23,19,19,20,13,1.3333,1.0,138,0.5725,2026
MIN,2,485,259,226,716,516,200,242.5,129.5,113.0,358.0,258.0,100.0,32,32,12,25,27,11,0.5,2.0,82,0.3902,2026
NE,3,921,593,328,835,510,325,307.0,197.6667,109.3333,278.3333,170.0,108.3333,20,20,16,5,4,16,2.6667,1.0,140,0.5429,2026
NO,2,767,611,156,681,408,273,383.5,305.5,78.0,340.5,204.0,136.5,7,1,30,20,16,27,1.5,1.0,115,0.6609,2026
NYG,3,814,459,355,987,674,313,271.3333,153.0,118.3333,329.0,224.6667,104.3333,29,31,11,17,19,13,0.6667,1.6667,146,0.4315,2026
NYJ,3,987,710,277,775,513,262,329.0,236.6667,92.3333,258.3333,171.0,87.3333,13,12,24,2,5,7,0.3333,0.6667,153,0.5686,2026
PHI,2,659,434,225,586,332,254,329.5,217.0,112.5,293.0,166.0,127.0,12,15,15,9,2,26,1.0,0.0,95,0.5053,2026
PIT,3,910,623,287,917,578,339,303.3333,207.6667,95.6667,305.6667,192.6667,113.0,21,17,21,10,13,18,1.6667,1.6667,150,0.64,2026
SEA,3,1103,800,303,686,425,261,367.6667,266.6667,101.0,228.6667,141.6667,87.0,10,3,18,1,1,6,1.3333,1.3333,146,0.5274,2026
SF,2,761,492,269,574,350,224,380.5,246.0,134.5,287.0,175.0,112.0,8,9,7,8,8,17,0.5,1.0,95,0.4947,2026
TB,2,595,369,226,618,468,150,297.5,184.5,113.0,309.0,234.0,75.0,22,25,12,11,22,2,2.5,0.5,91,0.6154,2026
TEN,3,748,477,271,946,567,379,249.3333,159.0,90.3333,315.3333,189.0,126.3333,31,30,26,13,11,25,1.0,0.6667,123,0.5772,2026
WAS,3,942,546,396,1087,841,246,314.0,182.0,132.0,362.3333,280.3333,82.0,18,26,8,28,31,3,0.3333,1.0,160,0.5562,2026
